863,705,vwrifdhvdsok,hlkifmeklhdy
506,355,jhkbwpwfcibn,msajdyduffca
266,529,rybwtcgrvvfn,hefzlbezjzne
764,494,dmqyrbwsvqjt,coufmatnayfj
573,312,dfuwfgqwyidp,goimwnywypfs
251,683,boabxzeaauqn,tjxxwxpidwjd
11,811,hjcdqnkkwyee,spsskejywemz
657,378,cxqsudjbfepi,itebkttyhbln
529,440,pvbxemhqjfdl,cowmqpabdjpx
835,688,wqotnlvqgknj,cxabozhwvxda
29,748,urzboeipcvhl,yalxexpxuprf
134,417,tupkiuvynfrt,xhhcitymoqkm
631,706,ttdsdajrkmac,vpebqbfawrit
390,615,fzvavabmcxbx,ebphivzsnxdz
853,965,kdfetymzpuct,ddwurptwizxo
617,880,dcgvstkbdwdr,mkhuielrrhpn
554,969,rguupndzxjjr,zegqlrvtfllf
990,183,majolrqpbpud,qlabvbcxihko
127,482,yjhueimckrfx,mljmrvgcrdrm
966,122,dfvqbvmgcrul,ppuzqayyklsq
803,411,nbmobfbseezp,wpehyrlvwgzk
254,429,izeupinmhnty,ivljidsayayw
0,366,yyyprasbbjkw,jiuqzwsmhmcz
501,203,jsscyhyeqxqg,nuubypuvwohf
524,434,kskznzgrxixu,ufishhjclhse
265,5,gzgjmgtqgnam,wacmenoyscut
353,743,ymaudhywlsdd,nlaycclpeaqt
474,248,tsdsizoudnnn,rfzcywwxypup
603,96,owgzetfagptx,dyjtnltclczu
839,305,pxppprinpllb,vsrbsvsrhqiu
319,912,wtxlhcnbtesd,lmcyuriojsxm
60,534,cuhgvvjbpmnw,acfxqpynoltb
665,40,ikllhlgoblqy,zurzfqrxeufs
161,925,zwlxflofavdz,smlcywatxaje
889,244,gorhyvbsyatx,julpmrjwbksk
166,599,aosmttxulcrb,lwypsrjyhvih
663,749,tngdrfufjlir,ekwbdiakdixz
626,820,uutmrytrzxnk,uioxgawqdten
478,668,wohgbxsebihy,hhizzdszwepd
229,556,goypprwcycvh,pmedfjshxbkj
955,307,asrrzfeywhue,cnlpkseuogde
540,668,ideqadhpifjl,kwozwfptijmt
164,706,vomoqhbnymwi,kmlbzoqvopgv
417,78,ewmhiahsfaoq,gjshylkpnlos
727,579,wdbmichzvcqz,dbfsrxvtutnz
486,338,jmnttvwxgvav,zlohkojhkwqv
29,787,oebtvefeeuod,wivtqqrtgywb
680,110,igcamjbgbhdz,iawocvtokjjp
500,410,fbikgjlmroop,vacepjlzrdce
960,844,rpqriqtjqtpv,rdquxegofnaa
860,465,hiyjcmlqwqas,ivzoacfhtofm
784,737,ammhcndtremz,biunrwtykynw
699,498,imlnfoabstvx,krwdspnphvvt
607,989,eiepuqkfnbxp,viurbxelrizi
813,274,qlryzzlcdpyi,eoyzjgnpocdv
432,848,zcvwyrmxukml,rzumacvevpuw
844,892,zvvnvcsdargq,cltlocetiujr
611,90,yvqpxdftzhku,zswzojdamchw
780,58,nmiutcmchqny,zxvcelrltwno
997,161,xmtoakilskhh,izqvoyeniyoy
841,455,hqswyhcykvwk,qxkxnplmkkxd
723,178,deacrtqxszrq,dicoyyaofcyg
883,121,ntdnegwpkywe,lhykjgylacqh
461,314,vlflcthotqwc,qkjxdpvxfxxh
642,882,rugudhgrraux,mpsbxdzkiize
122,836,tbeauoqfenno,xujmaboblpmu
247,884,nyzoxjgqbezi,rnsxmtgrcljp
584,355,zzumaorcqskd,pzczaxslzguw
562,209,pxnrgybrtpyg,ymhwkjkskgfc
371,702,zhmcpcachbkf,xwnpzmuhbsgs
187,434,jofolcfecdae,laioxonwkwps
821,805,mncsmaojmobj,ezkeegpeqidd
501,443,tegbmoamuotv,qayldweslmis
868,535,fpaomsshnnwe,xdtoikfydkhv
458,606,luzbvorqzoed,zcrauvueiwwn
578,799,txozrasmynev,lbhfduasvmdm
172,970,ocemtxpnouto,qvtfwkbpklro
349,542,jlkjyoefvsvy,qybiivrwgpsk
312,281,tqocdmpcgfap,yfcepjzarlaa
298,905,pktbnihohnvw,ugifohdalazc
991,709,meicjkzbrrbk,gjtcyldvrlyj
266,547,sfwiecscchzx,mtudhrzzplch
279,120,moqejiwiijpm,aybyesuiuhqu
654,482,dseabznxqsrw,swctdejhpgxr
666,523,odpvkbkokfkm,qpqwtgcwpadz
46,306,vcgpmatfnuru,dvkikdziwpzb
10,182,jjfsxkfawafd,fkdtpffeqtfw
481,177,nrkkiajfaywt,cflaxiwejhkr
343,435,qauqphiaobqt,lnctxitfxlzl
377,816,onmsctpsenwm,eqfupebkfpdm
318,879,jhwckqwqcstk,huidrmwfqxhb
244,701,qnoraxfaxkew,vyqiyiqyxnnj
787,553,pvhrpqnxryss,fhglxqgtubly
215,571,zvstlgxilrsr,eessvgvvtdow
440,223,cupeutalyrsf,parbfdhxzvzt
275,848,tdrrjrwvlhxm,pymdynpswien
761,950,jbntrfqfvpfv,wnuxmshgrkfu
131,301,qioyegumzrwd,bifmxytpjzgf
389,597,dzxwlcxcjneh,giabdjibltdb
901,671,jctcveallhnj,wwhwkfwviyit
984,61,enmklckgtmox,whufheepqjrx
287,794,dmaizjjqtvai,ixijftahaqec
617,121,dusvzhjoviih,rbgnzrfnqrgt
140,415,gfxfuixknkpp,klhxwwabihfa
763,332,uibenvuvnxew,nrxzlevtgiqp
609,190,rlpfpiuncltg,ozzwtlbpyucd
39,183,onikeactqoxa,bhumfxndtpqi
727,67,kxvotnnwgnox,oatbhuefazvh
78,459,iynwnymngwgg,bmxpggxgoexf
589,507,ebpbepfmcphq,olnmoaifglps
905,997,mflvdzqdnwmk,ofqizmxvvdpm
983,864,gqchdntrvpdc,nccxklqposhg
324,617,ljbzgojvcoog,xhzdifrrekcj
99,779,lhdjfxcbdqrb,dmrabwtxfvnk
311,377,mauhoxyrvywr,rnovpvljhhrs
392,51,emdsiqobfcwq,syunyqfkttei
263,781,hymhxrrcisvm,xhkbarvckrcf
743,144,chhkatjlzvlf,qwyehubjhsdy
420,68,agezktvqmndb,hrlsgosmmzne
604,584,vzuoprryjnsa,mkvthviujxln
164,316,axsxpbthgbye,dbguriegtpbu
108,48,gjtuzmrrmreu,jlkfczoruhbm
521,346,wjocleplnbyp,ukmrfzvaggsy
637,342,jvssqlqeadxb,kcakwwhvohay
644,310,jokezxglvlhv,ysxhnbdsldxs
882,460,yrabqbxnvaxo,iznrnszmnalu
187,209,glvkjzlnixwr,qsgrtlghrraf
477,357,kydotpbgljmq,xezhenlqjsle
231,717,yzablctodeet,itcyvsnmtvml
515,209,xxqdtglbzezi,jtuhxzmomofp
218,272,yytmlehenlhb,rfjgmwrsuhvs
220,132,elciniewuzwa,leosfxcaupwk
891,593,sxmtvesddmkb,bcxaytgxcwir
789,530,lyjclbuzrgrk,rxvxfimrfwch
786,91,uiqzsvmwpdox,vddjcudidlrv
101,768,ndtdqxetukdh,ekjmdjxnvjxr
331,692,hmrdtmnpztks,gbfniozlufhj
202,470,dgzbrfwypmzy,ccdbsnrjutsh
865,162,effomcvodndd,mhpypmmqhses
521,741,ymqtmkqulhof,bekenivkbwcs
825,904,oxjqiwiiccfj,qlvcigntacas
989,398,xwdajdygvqcp,bvjcvkqfsnrq
245,600,aodcsaoetwta,ebzrsceduses
373,317,lqlyuehpcwqz,azwbtgxtwvan
597,977,fpuvluunayrb,xjrlbbkomhnm
755,802,maqmbrmxruwn,anhgswkonpyp
188,414,mfnkefoepjir,utjfemahldvb
371,221,lqdxjvahosxr,clbzoyspbsho
692,985,piuvlssbkhep,ciibsrdkzjpv
200,690,imxerojvxphc,wkqnzuxnqasm
467,638,xtqksmazyvqk,takwsaqsisna
617,268,ardmidiglrmy,animpaexafcf
750,658,icwyauzbshjm,cktqhycknwki
322,917,kcpozszecgbq,hjelobngutgq
875,316,tszypxhitxxv,qujswtszxgpq
402,478,fenyupnxnilr,hitccinspdbo
718,976,ovdvewpifxei,gtkosnfocfbc
569,598,tvxxwvlwqnvy,rtqfijskywhx
680,125,ybwnpsfmntvu,wmjhunadredt
171,158,owbpgehgrjeo,gqwevbgbowmy
367,722,equbzkvxsthy,tgycxzpqugcs
203,797,ehqzmuzjqqrx,zgoddptvwvwc
809,104,tiqljvkmesif,pxbnxltwjfpv
129,624,smurzklgnzgt,ytkuibpuubkz
15,515,ibmmtjyfbceg,lwzywzcjlxyt
402,455,hqjdvldkgxpm,qochyypcuykh
272,85,paqqtrdjapfi,cpftbpkvuxpl
474,301,oatdqnrsvoub,qwuidztrtcrk
148,106,yciqcmclmgtr,gotykixfvtct
163,26,ndhchsslksvm,ymvoxzqrmifp
576,967,vrufugsxwrfb,oovkoeepjxzd
312,7,gzczuckulfnd,clwykrtlnibn
123,394,eequwilmghbt,hfvavmtvriyv
432,123,blisfcyiifzj,jtewqjsrpviz
863,405,tgxkdihrebbi,zwizkpvtcnbv
265,454,vkfcopcfsgpd,nqgjhaojappz
26,133,rfanaheuhjvo,owjpoqswbhwx
511,138,qjrnigzvetzt,pmkimafqydpp
897,609,qkhbwqnrywdf,khnhpcyagexr
115,666,fpflfyfbktqq,qgygdzquipih
944,835,euzyrrkpvpue,nervrhgvgxmu
462,514,yjdeyclfjwtg,zgcdzopnecmi
668,829,haionnunwazz,pplwskeojuab
587,886,nwkbmfvrqpjx,gcvejuqhaoyf
385,24,yuyqfksfbdzp,ybkcxhaxhnza
247,928,lrsoweaybytt,lhpuwnywnwxi
567,719,chrwwrsyffkj,ijjakknwvcrz
468,297,ynrvblyfxutk,emzwnrkksari
515,850,xqildmmmomdk,nzbclbfeupfq
121,472,owxnampytdpr,nraiwaxituyn
253,555,bedvptkpmojf,avszikkuvhzc
473,843,ojypkfeksmod,freirgxtjzvv
1000,290,xxqrbvfncizs,ofdipaufmtal
447,358,edoulgbltfza,cqlpdhnfvufl
21,491,wcamdyavrixe,iphkdcwmwrhc
840,380,gvpfuhxrqayq,xhgcgdzghugu
231,677,pwuqilmcvgbl,hsrmjpgvvoxz
47,578,sybzjxyjazfl,fjltfjsvsvih
583,45,aifqqtgoktjv,alhlxqhhkjbq
88,268,kldgbizjwvky,jxkxdziifnbg
486,497,htsatokewfkv,rdxqemnriatb
766,134,qzjvnyimwzda,ilfcqovjiqtm
703,860,ernbrntdauot,czfdwleswumh
359,534,iisedhzxwmbv,odqldbxbyijb
408,596,mvmijscscugh,jipdismaznda
305,193,dxygrlhhertv,kodbvxkhhvnv
44,292,pawyxphraocv,viklfepczjha
431,783,oyyguxodwzuy,gqqicljskonh
992,798,ijttppztxxpl,vkargyfzovlj
81,784,vjqqmzulcyre,zeqdbdoyconr
799,552,xbikzfvhfyoi,khmavxfdwnov
595,94,qojwiptinhfz,cmkvyfirrpbs
842,316,hmssungdlhuz,lpmqfpxeqlhn
831,658,wanguvkfuxps,nlnrsrehvsoa
1,960,rvqkfkryelfe,whklmhmhacyi
0,4,bntxbdcnzhqz,ssiusibefhly
438,386,srigxvzdxvbi,gnbsohdraadf
637,2,sbvclathlwbn,edanklrwxrdc
409,588,rpqcwvffxgiv,ragiyfxcopqu
724,134,vyavxfxndrar,ffgtmpeesywy
565,965,nxkpzagbzzzv,jianutseameb
273,544,olrktcyemmhe,ktsggvfmoyeb
985,46,ufzgkduwudcy,tngplnlmwfbd
838,161,cevihukfhsmp,ceybpcyyxhln
481,633,qobbgfkcvmec,huasinyifhns
285,162,idhrckhptssz,wcdrdxcyawwd
434,867,kifiodewkjhv,wbncxfhxvjra
834,488,kwbeuhrcsbom,fdlinuurkglf
835,665,fklkaurjiijv,bpkmfafeyevr
769,925,iayauexsosai,qpomluojlxjo
474,15,pfcbkjigcwfn,dudvwkdgfeaf
86,93,vllociugbtin,ailyrfvnrelf
461,276,cmodoxwkkvws,eqtrveqqxxqv
467,518,kkfavbxmgcej,ehxuyqqywdrk
306,38,txlkkcgwmkgt,rkcyqelwkvya
241,778,skuegojbqxtw,bdcbgjkfzjqk
818,819,hacylaqxrgfz,ejbayysxyfwz
142,759,frctitfheuex,vvkndbchlczi
683,564,vaazkdzobrha,qhlvploecopw
662,69,ogowygpckqhj,nwztenhvcwse
95,848,edpnnmrptawn,nazlzgavciwi
911,226,tkggygesgnux,ojcpbnovkndn
100,837,wxtcbqfjfgkp,xmdyqolmjydt
706,684,fzaouuksoeqh,mmgygobjjldp
733,671,qhkamykjixbm,fznrwxahvdxq
692,1000,ktxhmorjwezx,ptybxibfkqbz
13,307,svcrkxzknfcf,yhupmktsfatf
846,602,sqkcylgsrsyh,zhrljwzvvykh
303,821,mtnbbrlmymaj,mnsugekcikkd
473,524,wmgycclttdmg,cdiwjlyryfnk
464,314,lcmadmejtsgp,fizwmxksyrga
345,133,mqvbfnpjqmbr,qmlmnsbbnomk
109,953,acxogrfwlbhn,dnwdsrvkaszl
514,632,kiuzuozeaptx,bpajiergewra
970,644,qkwaogazalos,adykecbeopxe
192,444,ruxxbypvyche,txlhjpcgharx
989,982,yqajcfhrfmic,vhtzhnienwfq
382,632,mjypkgzzinio,keqnttoryznu
466,435,odcuaesdiazv,nnfaienipzcv
823,350,avxdrnolqydn,aogpwjawyoiw
729,949,pnaaaulultoh,fjhyloucygiq
684,748,hzineggbpagn,vssbbwjmjxdt
260,344,qbdmketedhbu,yfouevgrtnwl
808,787,oohrhnbvdkrf,jjmdgmvkogvr
670,629,xkenyzqbbnsl,rinzahkddtal
505,611,itcouhjaqquu,hjsmqqixxsoy
542,17,wjxnjdjdtupt,dkxasqdfzoqt
417,613,hemgpwgojbor,fnfukunbspbr
54,472,arlxhltxnzrj,fszproibtapc
503,802,pxfalokqpjbf,coliowqotqds
772,246,ablfkpxzuord,wagpyvzzjnnu
593,868,mzexdqmclwwx,fetvofldulnu
413,746,aufyqklyityy,htnmryaqyhhw
792,118,fxpiwnwnhbrn,addsihtmneyi
6,406,rximatlxzvin,fuonkhmvtmph
299,515,kxlidotziyzt,ghkpbbsdenme
573,751,ilzfiqrpknoc,mvmjbvyqocrc
27,629,vhnwnwdajkej,trmkxwwggdpc
57,323,xubdhxxnmizv,dyegouikysqc
486,545,geyfsjwfoqma,ldukgyghaqwg
196,256,afxpymjvvdjr,dugdldfktpkn
71,623,yiathkferxys,esguwdmtfmxf
336,616,otbzlotbwchr,whmxmclidmza
902,718,izxsmzhubksc,pyhidwzadrvp
661,941,zajghptjagha,eogqmnfonpci
178,65,bxyyrvnmmybh,eppqgojprirv
102,909,seaqzyoqgcrk,eutrackobruw
924,32,zhzrmzqogpwg,bneomvoimyfw
483,194,qhxoczwkokcd,twdufksosrow
433,8,vbrjnxydpntk,hpvsmzncbshh
479,237,osuewhkxrsqi,yvpixopsmsfx
7,68,jdyzjlfsaknd,vgyutaxqvdyw
628,115,zwbvxmzdqbka,hgspafqwnszo
640,366,paqgdnsvsvim,ortzuaqnoiqy
108,752,cphcxkibuqvp,ntqtxhtsnwck
164,621,iuybiiwkvsaw,seccwaihismk
963,908,ldnihpcklvxu,wspjbsjgydsa
676,165,guywuvhvxzlq,bufcheigpvku
90,717,xmnzlocsmjyq,jbhaisdshxjk
662,695,kaxgfdcbseyi,spmntomkufao
507,291,ebzvkeloirto,nvjlcvfoxfon
936,18,htmlxihdzhyi,zjpqgrvtpilx
308,796,lnxqyehtxdpj,ojitbztfsbzb
326,408,pzrklfyoybzt,gudtiauhwphn
763,491,dcxuelhidwcf,soenqkrfhemn
660,715,qbezfxrlvodq,phjnmxzrxylj
391,629,hmpafdwahxks,mmbklaovmkhi
709,204,njashsmzymoc,lcgqmbxfjiki
241,954,wylpipcrnrac,hpgxmiewnfdc
913,42,gducecwqzkjw,wxwbckguapmv
114,599,lmpkraednspy,goaupmhipvmv
363,794,swywgdnqlvqn,uodtjqadadvv
827,435,hqxjuahufwbk,amvnudeaykso
639,779,qvfqepkwwqgq,ashcskjhqwjz
341,264,mwaqejjtxpfi,xjnaykhxgonr
912,679,sbuavxqznkjl,hemruladuamv
444,995,lcpiguwzuuaz,hbdbsniucnjr
246,880,dsfvkarzrbpt,tlkvunhimdam
67,121,mdxkvebkfiwz,bcsmmuitimdl
892,850,ijbxprmcoiuk,qprqkuzlxdft
576,76,odgnxqhuximk,hkynqmjoywho
822,708,kurwngdaoilo,ydsfrxjzoien
776,610,orklyfrimnrx,zxalsjolcjbf
745,995,rbmclnpofyep,vlvflkadjjxn
990,238,ldetsacnxmal,namtzfvejvyt
196,821,efkrtofohygp,txnkpnwinueq
763,286,jglcfwhrluma,zxtaoimjxiam
502,436,pglipaslcxak,rukfxsxwabib
348,633,koseyymefpym,ioflsihsbxvg
535,253,zsfnurabvvuz,riphhhrdgeka
905,378,lnhcldvzxrnk,pwbxyluupqiz
864,842,tzboewmhqioo,ibwekyxqobhz
518,757,pbegxoivixun,hqzuudcrczvg
119,277,qpawdgdmelav,fzmlzlmobbok
184,93,arlyysiwhltq,iksrbluxvogd
447,938,jphpqlmhxuxr,flsvuoxgtwol
542,991,dygrzeeekulh,fzgjcoryqrbv
629,55,npdknpcujceh,ztasfqygrhcx
475,918,ncawgdpaonrk,ymoeiurbiiuv
206,551,utvpcxsdwisi,xszwvzuwkpgv
856,715,mgkahxongtxo,ytluialudmmb
771,22,etutcwvrkjuz,xefmeibdhgvf
749,920,hvsfatbevpiu,atlfjrotktxe
242,754,bvjuxowfwkcr,wuuhpnuqfeyj
888,893,rpcghwcrwsdi,cmshthmnvegw
783,706,diwarsnsjgfy,myyzbwtmwfzl
860,933,jpvuatyasost,guaxvvlzekoz
318,393,uphzndlmxufu,ndiihrvivvid
990,380,dsrxrlpvqatz,ylxzpdcnzrkd
486,846,gjefpkkzufio,kouancqqaxpz
37,920,lzedjjdmejkl,cunqbncpkhsd
434,473,jobhmsgrmjtc,bkqgfosejcbb
329,931,eqwrfnssljpf,oyzubpexhkxd
40,16,zqqgmsxcmnwl,nuwrhbdhvqzz
431,951,zhztrmatvelp,fmjmrnicxfsn
416,250,betunmgcefez,yqmsfxssjtye
832,556,zqaqxpvthfxd,xmguurhjhjsz
131,658,nufdhfdopjwe,mhepgypmbwbh
261,367,ccipqaqgvubf,ejgjotdakomy
516,416,omjcgkxtykkz,hwpugooruiyp
927,183,piqcgoqqdumj,ufwfuayftsqw
849,256,smspcexinduv,kojfrwjtyvbj
48,697,lelficedkgqf,nszdyansxbed
644,514,tnpfziqpmtbx,gpuicsafrvys
822,731,ewhpjinmixcm,zzvegisdrfsy
623,958,eeknbrqccmnp,wlmrqkqhamli
481,269,xzlheaczsera,cbdtovtrjfga
402,607,xfnsttdbaeey,wlefyigxvzgw
135,784,cebhwhkivkuf,kmujqzdoyvpb
346,34,musxgjyspxjn,jkjcskgmzbzt
422,468,typseqienaxf,skeeflxhizek
42,259,dolyzddlslwk,ccmqvueyuzqo
343,82,adadencvbbkg,vjlxnqloivxi
806,861,mfupgcgrcpiw,ewebzadkfcpz
247,490,unaevcjtnndt,mmzqrqprrdji
804,339,fecfjhxieqwv,lwuevkwvxykr
716,437,oopqvrhxxtnb,nxlaokiqtouy
108,26,vaksrxgptqix,zzcecekbzskq
829,854,bzhwiffwenqi,nsdotdrhzgof
968,848,gxklxfbydtvb,sifpnhpevuvn
329,744,wnorrdbxjtsa,agoubmxluupa
818,539,tkqdgefikmzf,thomlaoxanlw
162,222,biirywfamejn,llfbexbihaqm
93,709,znpknjsypjyn,uvfjcpfqdmub
432,770,oygwdzsbzgrs,qlttovjtdwps
678,304,stqofxknfden,zquqtopllklj
147,220,bnqeiywgmofr,hryfkatguffa
157,266,ykzjtkdzdlnn,gplpurvlkeai
900,619,blgpzsyjqcno,uksnqbdrvfhz
967,670,nfhhccoazsas,fmpfbtgbtnnx
993,977,uxzkslwgxkoz,dcpqpmqprkdk
645,635,qrzixuxihwcz,ymnwtiwqgivg
346,445,lxugtjthsqrx,lvoupfoefdtp
665,673,jjtzxefzcnjr,zjdjjhueyxlj
324,428,gbvleucpiaas,ppdqcpaypfjn
486,39,xebajssozbte,siaxxceiopje
582,979,hxxdnkvblzcu,ncsbfyumgcfg
473,41,zopulopbumdo,uutjhaynblpe
580,609,fdaxilfzxeus,ncjhhydyxyzt
805,522,lekgfkfoegnr,pbrdwlapxfuu
259,222,fubklejbpuhr,pcmqntlnpxvh
621,275,ocqtduvsyuxc,xdpqiahfgsec
69,471,pwxyirgkqiei,ayeljpctdsrr
860,331,fnzcayjfxxvt,uzeinvyqoqfd
616,551,gxhtpyajrzaa,xfdhznqdkdme
81,746,ybhcyzlztpuz,lxjizklzqsoc
229,310,gunxcpjftwav,dsyqwvzucetd
463,159,dnenbbvhjwsc,sdmewusyauft
618,479,duztqziskpkb,ppnopowpscsi
165,65,icqmoqxrgdep,gbrvytmtzbcu
649,874,wnhvcfnqtytz,lexbttiuztst
854,494,tomdcxqveqat,gnmfjmqsjnuh
896,436,lepylyuvfaku,jrchurrmikxy
981,469,vohdeyttjwmc,fondsvyzvcou
739,427,zbjwnxucihtl,obolmwmwvyax
580,858,pmsxidcftajh,rqkvxfkttgxp
340,390,nokgjeinbbkl,iswjpkfimwvy
175,92,momcjvbdxrap,ojacodmkmkzy
639,141,tvwgjnmmmegq,lkxraqwnqasr
215,331,ryvakawwmyar,vpuzwbkjefjn
416,105,kdhbeezllktr,gaiqqqitogxq
555,693,sjrkyeyfcyvh,dehipmcqflpf
217,786,hgnwhlujvvtr,qiiijoskskdm
605,411,owxhtbjawfrp,buzotgogrlnc
694,349,ceamoudmpxdv,tifctgfsmizd
356,526,dvrahlqqkzbm,zcccrwocoosn
438,748,mzthexslxrby,rubmraszmsck
964,703,kstrvssawjph,tsmdhetjksii
602,716,sguoxgsclaxm,pqckmhagboor
809,263,ktgdfglggxmv,shrsuugeodps
813,712,exnemipxnwjz,rjgvkagdghxe
475,96,eqsbtimvnvwu,jntjdkrdrjzc
538,412,vsczrbuxpull,inolqiuyfzod
283,675,yhnqphwooipr,zgzgclmpnxic
134,911,ikyqoamsacjs,ehfgsunwcmfa
193,102,ndealojagvnw,xclwwwkpdtwc
302,738,xgsayxaebvgh,jeyuskxxdmtr
954,397,lyoacmffboiy,yelbizyzujex
810,465,eyjetjkmhrpg,jymcuhvzipwy
709,882,bbxiipjuzipy,aciaxdcluhxn
121,369,jkzgrznyssom,ooxjuzbjsjuq
675,379,udqxauzzkayj,orgwgnfnjljr
772,400,gicvlhrmgyfn,diwxnweghyms
342,616,otvisfdcnqqu,dezfxsoyrgsq
116,666,xvztjguilcyn,zkmsiajwcomn
152,194,mmnpadmychhu,xwhrmizpsgkm
632,457,cntvxtolvkgy,kfzavuzdjhxu
25,838,bhfgmbzpwjim,hugtijeuawgw
701,727,dsygnibgpjgp,uukyfahnjqix
926,458,mtvshzdrtwke,istebvzmpdba
428,400,xojjpnbfwqdl,iflmhvvapdig
585,135,vheuevefjqtn,xqyqntqbftii
421,988,gnemsgesoixc,xnefhmqbhhfc
876,7,ftcxescfufkf,snnxfqegqjvd
860,631,pylbyeingafg,pmilvumlosdm
694,343,weymebishplg,rngpsksskhmk
97,803,dtgxlbprtnfw,zcxhgelkdfzx
575,901,bavwdmqzorjb,lbfltaxlwdwp
744,404,gxposuntrwhs,glinpjtrforo
621,392,wgotaxmggfhz,mqnhievvfzyp
855,631,pungqscvokay,pdxrvkexnnmh
142,871,qrvnaqogsvgb,ydlbwiuujqmt
116,169,mfphsbnvsmmv,ahqtmwfrwpjn
648,334,xtkvocgxvczm,okxdeetfczhv
37,324,axbvctvzpdzj,xgomreszovuy
811,618,uvgfsfrifamr,foqytywvcuix
78,722,defripyeadxc,tbiknksqmonp
927,240,ujphsajighhk,xfkujaxidejt
370,853,lauwnbcgabqv,wyfdihfvbayy
893,235,mnjehipxoyjj,vtysiskihlat
776,506,wnrivedzuqle,tlzbbtsvqods
341,376,ostinutgsbtu,rtgaqrltxkit
132,254,igejwtmrbzjn,rbyebphildnd
695,516,fjzucmltlksx,dijuyalnrlxv
146,861,szqgyuzdmoaw,lbhkdmscqfdb
410,24,xcwhcikxbmnv,ihixxfiofzrb
315,377,kflbvmehitry,ssqhcheraaek
254,168,yawuckroaxtc,rcwgqcuowhcq
266,879,enuexzkcoduk,ybvocrgklmou
985,856,bmwapjcislct,jcujbknusvnx
654,716,nchihjgqupkr,rpvswxrpnqkn
159,362,ifcmvbxkyedk,llbdajbdbdix
73,432,reoctwajguvy,zhxgqwxayiwj
160,704,kfmoaqqakxef,cnutuktwrpra
605,740,vhdtduahynkx,faqwzgfbtwfc
413,238,tqqwiiktiixk,blqpydknbgea
45,807,xfpoywssiair,sxzktquxzxwb
288,58,haqdqkdtlyrg,xgnbhzjmhxkb
45,740,nrkympkjtjjr,vousnyvdizxd
680,377,nibruwqxpqke,bskstgzpcisz
22,9,clasrntlibsy,wlyhchpmeaxp
94,939,efopcapfmrno,omxttesfuulh
226,652,cbmapipfogvm,kdqywmsuurhz
763,613,ehceftqvcjfe,shroyyvxknvl
606,366,szeqgerxlgho,hdcbaypfkiic
961,750,fkkckkjnsxit,drjvkdzlpazn
704,852,ocxckjkpnddi,axpblvzufwjp
695,89,woewsxffwnnt,amqxzolnjsrs
500,156,ydxpkerqgatz,oacpqrvhqrgl
106,172,eairouwhersm,kppaufrjkgji
